ordenMagnitud,ECMContraOriginal,tiempo
16x16,0.0305936,5093.37
32x32,0.0297364,237147
64x64,0.0258743,1.18106e+07
1.2.826.0.1.3680043.2.656.4.1.6.8.1733
