ordenMagnitud,ECMContraOriginal,tiempo
16x16,0.0246992,5336.75
32x32,0.0163126,205816
64x64,0.0323229,1.17645e+07
1.2.826.0.1.3680043.2.656.4.1.6.8.1469
