ordenMagnitud,ECMContraOriginal,tiempo
16x16,0.0335972,6518.06
32x32,0.0202878,211714
64x64,0.0274458,1.12684e+07
1.2.826.0.1.3680043.2.656.4.1.6.8.1746
